index,name,img,born,died,desc
0,John Doe 1,img/placeholder-headshot.png,1900,2000,"<p> Lorem ipsum dolor sit amet, consectetur adipisicing elit, sed do eiusmod
    		tempor incididunt ut labore et dolore magna aliqua. Ut enim ad minim veniam,
    		quis nostrud exercitation ullamco laboris nisi ut aliquip ex ea commodo
    		consequat. Duis aute irure dolor in reprehenderit in voluptate velit esse
    		cillum dolore eu fugiat nulla pariatur. Excepteur sint occaecat cupidatat non
    		proident, sunt in culpa qui officia deserunt mollit anim id est laborum. </p>

    		<p> Lorem ipsum dolor sit amet, consectetur adipisicing elit, sed do eiusmod
    		tempor incididunt ut labore et dolore magna aliqua. Ut enim ad minim veniam,
    		quis nostrud exercitation ullamco laboris nisi ut aliquip ex ea commodo
    		consequat. Duis aute irure dolor in reprehenderit in voluptate velit esse
    		cillum dolore eu fugiat nulla pariatur. Excepteur sint occaecat cupidatat non
    		proident, sunt in culpa qui officia deserunt mollit anim id est laborum. </p>"
1,John Doe 2,img/placeholder-headshot.png,1900,2000,"<p> Lorem ipsum dolor sit amet, consectetur adipisicing elit, sed do eiusmod
    		tempor incididunt ut labore et dolore magna aliqua. Ut enim ad minim veniam,
    		quis nostrud exercitation ullamco laboris nisi ut aliquip ex ea commodo
    		consequat. Duis aute irure dolor in reprehenderit in voluptate velit esse
    		cillum dolore eu fugiat nulla pariatur. Excepteur sint occaecat cupidatat non
    		proident, sunt in culpa qui officia deserunt mollit anim id est laborum. </p>

    		<p> Lorem ipsum dolor sit amet, consectetur adipisicing elit, sed do eiusmod
    		tempor incididunt ut labore et dolore magna aliqua. Ut enim ad minim veniam,
    		quis nostrud exercitation ullamco laboris nisi ut aliquip ex ea commodo
    		consequat. Duis aute irure dolor in reprehenderit in voluptate velit esse
    		cillum dolore eu fugiat nulla pariatur. Excepteur sint occaecat cupidatat non
    		proident, sunt in culpa qui officia deserunt mollit anim id est laborum. </p>"
2,John Doe 3,img/placeholder-headshot.png,1900,2000,"<p> Lorem ipsum dolor sit amet, consectetur adipisicing elit, sed do eiusmod
    		tempor incididunt ut labore et dolore magna aliqua. Ut enim ad minim veniam,
    		quis nostrud exercitation ullamco laboris nisi ut aliquip ex ea commodo
    		consequat. Duis aute irure dolor in reprehenderit in voluptate velit esse
    		cillum dolore eu fugiat nulla pariatur. Excepteur sint occaecat cupidatat non
    		proident, sunt in culpa qui officia deserunt mollit anim id est laborum. </p>

    		<p> Lorem ipsum dolor sit amet, consectetur adipisicing elit, sed do eiusmod
    		tempor incididunt ut labore et dolore magna aliqua. Ut enim ad minim veniam,
    		quis nostrud exercitation ullamco laboris nisi ut aliquip ex ea commodo
    		consequat. Duis aute irure dolor in reprehenderit in voluptate velit esse
    		cillum dolore eu fugiat nulla pariatur. Excepteur sint occaecat cupidatat non
    		proident, sunt in culpa qui officia deserunt mollit anim id est laborum. </p>"
3,John Doe 4,img/placeholder-headshot.png,1900,2000,"<p> Lorem ipsum dolor sit amet, consectetur adipisicing elit, sed do eiusmod
    		tempor incididunt ut labore et dolore magna aliqua. Ut enim ad minim veniam,
    		quis nostrud exercitation ullamco laboris nisi ut aliquip ex ea commodo
    		consequat. Duis aute irure dolor in reprehenderit in voluptate velit esse
    		cillum dolore eu fugiat nulla pariatur. Excepteur sint occaecat cupidatat non
    		proident, sunt in culpa qui officia deserunt mollit anim id est laborum. </p>

    		<p> Lorem ipsum dolor sit amet, consectetur adipisicing elit, sed do eiusmod
    		tempor incididunt ut labore et dolore magna aliqua. Ut enim ad minim veniam,
    		quis nostrud exercitation ullamco laboris nisi ut aliquip ex ea commodo
    		consequat. Duis aute irure dolor in reprehenderit in voluptate velit esse
    		cillum dolore eu fugiat nulla pariatur. Excepteur sint occaecat cupidatat non
    		proident, sunt in culpa qui officia deserunt mollit anim id est laborum. </p>"
4,John Doe 5,img/placeholder-headshot.png,1900,2000,"<p> Lorem ipsum dolor sit amet, consectetur adipisicing elit, sed do eiusmod
    		tempor incididunt ut labore et dolore magna aliqua. Ut enim ad minim veniam,
    		quis nostrud exercitation ullamco laboris nisi ut aliquip ex ea commodo
    		consequat. Duis aute irure dolor in reprehenderit in voluptate velit esse
    		cillum dolore eu fugiat nulla pariatur. Excepteur sint occaecat cupidatat non
    		proident, sunt in culpa qui officia deserunt mollit anim id est laborum. </p>

    		<p> Lorem ipsum dolor sit amet, consectetur adipisicing elit, sed do eiusmod
    		tempor incididunt ut labore et dolore magna aliqua. Ut enim ad minim veniam,
    		quis nostrud exercitation ullamco laboris nisi ut aliquip ex ea commodo
    		consequat. Duis aute irure dolor in reprehenderit in voluptate velit esse
    		cillum dolore eu fugiat nulla pariatur. Excepteur sint occaecat cupidatat non
    		proident, sunt in culpa qui officia deserunt mollit anim id est laborum. </p>"
5,John Doe 6,img/placeholder-headshot.png,1900,2000,"<p> Lorem ipsum dolor sit amet, consectetur adipisicing elit, sed do eiusmod
    		tempor incididunt ut labore et dolore magna aliqua. Ut enim ad minim veniam,
    		quis nostrud exercitation ullamco laboris nisi ut aliquip ex ea commodo
    		consequat. Duis aute irure dolor in reprehenderit in voluptate velit esse
    		cillum dolore eu fugiat nulla pariatur. Excepteur sint occaecat cupidatat non
    		proident, sunt in culpa qui officia deserunt mollit anim id est laborum. </p>

    		<p> Lorem ipsum dolor sit amet, consectetur adipisicing elit, sed do eiusmod
    		tempor incididunt ut labore et dolore magna aliqua. Ut enim ad minim veniam,
    		quis nostrud exercitation ullamco laboris nisi ut aliquip ex ea commodo
    		consequat. Duis aute irure dolor in reprehenderit in voluptate velit esse
    		cillum dolore eu fugiat nulla pariatur. Excepteur sint occaecat cupidatat non
    		proident, sunt in culpa qui officia deserunt mollit anim id est laborum. </p>"
6,John Doe 7,img/placeholder-headshot.png,1900,2000,"<p> Lorem ipsum dolor sit amet, consectetur adipisicing elit, sed do eiusmod
    		tempor incididunt ut labore et dolore magna aliqua. Ut enim ad minim veniam,
    		quis nostrud exercitation ullamco laboris nisi ut aliquip ex ea commodo
    		consequat. Duis aute irure dolor in reprehenderit in voluptate velit esse
    		cillum dolore eu fugiat nulla pariatur. Excepteur sint occaecat cupidatat non
    		proident, sunt in culpa qui officia deserunt mollit anim id est laborum. </p>

    		<p> Lorem ipsum dolor sit amet, consectetur adipisicing elit, sed do eiusmod
    		tempor incididunt ut labore et dolore magna aliqua. Ut enim ad minim veniam,
    		quis nostrud exercitation ullamco laboris nisi ut aliquip ex ea commodo
    		consequat. Duis aute irure dolor in reprehenderit in voluptate velit esse
    		cillum dolore eu fugiat nulla pariatur. Excepteur sint occaecat cupidatat non
    		proident, sunt in culpa qui officia deserunt mollit anim id est laborum. </p>"
7,John Doe 8,img/placeholder-headshot.png,1900,2000,"<p> Lorem ipsum dolor sit amet, consectetur adipisicing elit, sed do eiusmod
    		tempor incididunt ut labore et dolore magna aliqua. Ut enim ad minim veniam,
    		quis nostrud exercitation ullamco laboris nisi ut aliquip ex ea commodo
    		consequat. Duis aute irure dolor in reprehenderit in voluptate velit esse
    		cillum dolore eu fugiat nulla pariatur. Excepteur sint occaecat cupidatat non
    		proident, sunt in culpa qui officia deserunt mollit anim id est laborum. </p>

    		<p> Lorem ipsum dolor sit amet, consectetur adipisicing elit, sed do eiusmod
    		tempor incididunt ut labore et dolore magna aliqua. Ut enim ad minim veniam,
    		quis nostrud exercitation ullamco laboris nisi ut aliquip ex ea commodo
    		consequat. Duis aute irure dolor in reprehenderit in voluptate velit esse
    		cillum dolore eu fugiat nulla pariatur. Excepteur sint occaecat cupidatat non
    		proident, sunt in culpa qui officia deserunt mollit anim id est laborum. </p>"
8,John Doe 9,img/placeholder-headshot.png,1900,2000,"<p> Lorem ipsum dolor sit amet, consectetur adipisicing elit, sed do eiusmod
    		tempor incididunt ut labore et dolore magna aliqua. Ut enim ad minim veniam,
    		quis nostrud exercitation ullamco laboris nisi ut aliquip ex ea commodo
    		consequat. Duis aute irure dolor in reprehenderit in voluptate velit esse
    		cillum dolore eu fugiat nulla pariatur. Excepteur sint occaecat cupidatat non
    		proident, sunt in culpa qui officia deserunt mollit anim id est laborum. </p>

    		<p> Lorem ipsum dolor sit amet, consectetur adipisicing elit, sed do eiusmod
    		tempor incididunt ut labore et dolore magna aliqua. Ut enim ad minim veniam,
    		quis nostrud exercitation ullamco laboris nisi ut aliquip ex ea commodo
    		consequat. Duis aute irure dolor in reprehenderit in voluptate velit esse
    		cillum dolore eu fugiat nulla pariatur. Excepteur sint occaecat cupidatat non
    		proident, sunt in culpa qui officia deserunt mollit anim id est laborum. </p>"
9,John Doe 10,img/placeholder-headshot.png,1900,2000,"<p> Lorem ipsum dolor sit amet, consectetur adipisicing elit, sed do eiusmod
    		tempor incididunt ut labore et dolore magna aliqua. Ut enim ad minim veniam,
    		quis nostrud exercitation ullamco laboris nisi ut aliquip ex ea commodo
    		consequat. Duis aute irure dolor in reprehenderit in voluptate velit esse
    		cillum dolore eu fugiat nulla pariatur. Excepteur sint occaecat cupidatat non
    		proident, sunt in culpa qui officia deserunt mollit anim id est laborum. </p>

    		<p> Lorem ipsum dolor sit amet, consectetur adipisicing elit, sed do eiusmod
    		tempor incididunt ut labore et dolore magna aliqua. Ut enim ad minim veniam,
    		quis nostrud exercitation ullamco laboris nisi ut aliquip ex ea commodo
    		consequat. Duis aute irure dolor in reprehenderit in voluptate velit esse
    		cillum dolore eu fugiat nulla pariatur. Excepteur sint occaecat cupidatat non
    		proident, sunt in culpa qui officia deserunt mollit anim id est laborum. </p>"
10,John Doe 11,img/placeholder-headshot.png,1900,2000,"<p> Lorem ipsum dolor sit amet, consectetur adipisicing elit, sed do eiusmod
    		tempor incididunt ut labore et dolore magna aliqua. Ut enim ad minim veniam,
    		quis nostrud exercitation ullamco laboris nisi ut aliquip ex ea commodo
    		consequat. Duis aute irure dolor in reprehenderit in voluptate velit esse
    		cillum dolore eu fugiat nulla pariatur. Excepteur sint occaecat cupidatat non
    		proident, sunt in culpa qui officia deserunt mollit anim id est laborum. </p>

    		<p> Lorem ipsum dolor sit amet, consectetur adipisicing elit, sed do eiusmod
    		tempor incididunt ut labore et dolore magna aliqua. Ut enim ad minim veniam,
    		quis nostrud exercitation ullamco laboris nisi ut aliquip ex ea commodo
    		consequat. Duis aute irure dolor in reprehenderit in voluptate velit esse
    		cillum dolore eu fugiat nulla pariatur. Excepteur sint occaecat cupidatat non
    		proident, sunt in culpa qui officia deserunt mollit anim id est laborum. </p>"
11,John Doe 12,img/placeholder-headshot.png,1900,2000,"<p> Lorem ipsum dolor sit amet, consectetur adipisicing elit, sed do eiusmod
    		tempor incididunt ut labore et dolore magna aliqua. Ut enim ad minim veniam,
    		quis nostrud exercitation ullamco laboris nisi ut aliquip ex ea commodo
    		consequat. Duis aute irure dolor in reprehenderit in voluptate velit esse
    		cillum dolore eu fugiat nulla pariatur. Excepteur sint occaecat cupidatat non
    		proident, sunt in culpa qui officia deserunt mollit anim id est laborum. </p>

    		<p> Lorem ipsum dolor sit amet, consectetur adipisicing elit, sed do eiusmod
    		tempor incididunt ut labore et dolore magna aliqua. Ut enim ad minim veniam,
    		quis nostrud exercitation ullamco laboris nisi ut aliquip ex ea commodo
    		consequat. Duis aute irure dolor in reprehenderit in voluptate velit esse
    		cillum dolore eu fugiat nulla pariatur. Excepteur sint occaecat cupidatat non
    		proident, sunt in culpa qui officia deserunt mollit anim id est laborum. </p>"
12,John Doe 13,img/placeholder-headshot.png,1900,2000,"<p> Lorem ipsum dolor sit amet, consectetur adipisicing elit, sed do eiusmod
    		tempor incididunt ut labore et dolore magna aliqua. Ut enim ad minim veniam,
    		quis nostrud exercitation ullamco laboris nisi ut aliquip ex ea commodo
    		consequat. Duis aute irure dolor in reprehenderit in voluptate velit esse
    		cillum dolore eu fugiat nulla pariatur. Excepteur sint occaecat cupidatat non
    		proident, sunt in culpa qui officia deserunt mollit anim id est laborum. </p>

    		<p> Lorem ipsum dolor sit amet, consectetur adipisicing elit, sed do eiusmod
    		tempor incididunt ut labore et dolore magna aliqua. Ut enim ad minim veniam,
    		quis nostrud exercitation ullamco laboris nisi ut aliquip ex ea commodo
    		consequat. Duis aute irure dolor in reprehenderit in voluptate velit esse
    		cillum dolore eu fugiat nulla pariatur. Excepteur sint occaecat cupidatat non
    		proident, sunt in culpa qui officia deserunt mollit anim id est laborum. </p>"
13,John Doe 14,img/placeholder-headshot.png,1900,2000,"<p> Lorem ipsum dolor sit amet, consectetur adipisicing elit, sed do eiusmod
    		tempor incididunt ut labore et dolore magna aliqua. Ut enim ad minim veniam,
    		quis nostrud exercitation ullamco laboris nisi ut aliquip ex ea commodo
    		consequat. Duis aute irure dolor in reprehenderit in voluptate velit esse
    		cillum dolore eu fugiat nulla pariatur. Excepteur sint occaecat cupidatat non
    		proident, sunt in culpa qui officia deserunt mollit anim id est laborum. </p>

    		<p> Lorem ipsum dolor sit amet, consectetur adipisicing elit, sed do eiusmod
    		tempor incididunt ut labore et dolore magna aliqua. Ut enim ad minim veniam,
    		quis nostrud exercitation ullamco laboris nisi ut aliquip ex ea commodo
    		consequat. Duis aute irure dolor in reprehenderit in voluptate velit esse
    		cillum dolore eu fugiat nulla pariatur. Excepteur sint occaecat cupidatat non
    		proident, sunt in culpa qui officia deserunt mollit anim id est laborum. </p>"
14,John Doe 15,img/placeholder-headshot.png,1900,2000,"<p> Lorem ipsum dolor sit amet, consectetur adipisicing elit, sed do eiusmod
    		tempor incididunt ut labore et dolore magna aliqua. Ut enim ad minim veniam,
    		quis nostrud exercitation ullamco laboris nisi ut aliquip ex ea commodo
    		consequat. Duis aute irure dolor in reprehenderit in voluptate velit esse
    		cillum dolore eu fugiat nulla pariatur. Excepteur sint occaecat cupidatat non
    		proident, sunt in culpa qui officia deserunt mollit anim id est laborum. </p>

    		<p> Lorem ipsum dolor sit amet, consectetur adipisicing elit, sed do eiusmod
    		tempor incididunt ut labore et dolore magna aliqua. Ut enim ad minim veniam,
    		quis nostrud exercitation ullamco laboris nisi ut aliquip ex ea commodo
    		consequat. Duis aute irure dolor in reprehenderit in voluptate velit esse
    		cillum dolore eu fugiat nulla pariatur. Excepteur sint occaecat cupidatat non
    		proident, sunt in culpa qui officia deserunt mollit anim id est laborum. </p>"